{
  "km_pairwise": {
    "0.1": {
      "test": 0.994375,
      "train": 0.9879999999999997
    },
    "0.2": {
      "test": 0.961515625,
      "train": 0.9589325000000001
    },
    "0.30000000000000004": {
      "test": 0.951034375,
      "train": 0.94122
    },
    "0.4": {
      "test": 0.9769749999999999,
      "train": 0.9732500000000002
    },
    "0.5": {
      "test": 0.890596875,
      "train": 0.8774649999999999
    },
    "0.6000000000000001": {
      "test": 0.919584375,
      "train": 0.9189374999999999
    },
    "0.7000000000000001": {
      "test": 0.9723218750000001,
      "train": 0.9645999999999998
    },
    "0.8": {
      "test": 0.9341031249999999,
      "train": 0.9279525
    },
    "0.9": {
      "test": 0.9637499999999997,
      "train": 0.9534674999999999
    },
    "1.2": {
      "test": 0.9240875,
      "train": 0.9306600000000002
    },
    "1.3": {
      "test": 0.9633031249999999,
      "train": 0.9585600000000001
    },
    "1.4": {
      "test": 0.980625,
      "train": 0.97289
    },
    "1.5": {
      "test": 0.9105906250000001,
      "train": 0.8966999999999998
    },
    "1.6": {
      "test": 0.9689531249999999,
      "train": 0.9626625
    },
    "1.7000000000000002": {
      "test": 0.9525000000000001,
      "train": 0.9600000000000003
    },
    "1.8": {
      "test": 0.9481249999999997,
      "train": 0.9295375000000001
    },
    "1.9": {
      "test": 0.982290625,
      "train": 0.9653424999999999
    },
    "2.3": {
      "test": 0.8897843750000001,
      "train": 0.889635
    },
    "2.4": {
      "test": 0.9588249999999999,
      "train": 0.9538175000000001
    },
    "2.5": {
      "test": 0.9379781249999999,
      "train": 0.9418424999999999
    },
    "2.6": {
      "test": 0.945525,
      "train": 0.93203
    },
    "2.7": {
      "test": 0.9529062500000001,
      "train": 0.9507475
    },
    "2.8": {
      "test": 0.873740625,
      "train": 0.8791225000000001
    },
    "2.9": {
      "test": 0.9631312499999999,
      "train": 0.9601950000000001
    },
    "3.4": {
      "test": 0.9799968749999999,
      "train": 0.9782299999999998
    },
    "3.5": {
      "test": 0.6313,
      "train": 0.6133375
    },
    "3.6": {
      "test": 0.9781250000000002,
      "train": 0.9706999999999999
    },
    "3.7": {
      "test": 0.961575,
      "train": 0.95926
    },
    "3.8": {
      "test": 0.795934375,
      "train": 0.7797049999999999
    },
    "3.9": {
      "test": 0.9431156250000001,
      "train": 0.9258725
    },
    "4.5": {
      "test": 0.8715406250000001,
      "train": 0.8495575
    },
    "4.6": {
      "test": 0.9464624999999998,
      "train": 0.9608349999999999
    },
    "4.7": {
      "test": 0.85418125,
      "train": 0.8382050000000001
    },
    "4.8": {
      "test": 0.9556374999999997,
      "train": 0.9410875000000002
    },
    "4.9": {
      "test": 0.53578125,
      "train": 0.5431225
    },
    "5.6": {
      "test": 0.9373875000000002,
      "train": 0.9352125000000001
    },
    "5.7": {
      "test": 0.8674999999999998,
      "train": 0.867
    },
    "5.8": {
      "test": 0.507028125,
      "train": 0.56931
    },
    "5.9": {
      "test": 0.71613125,
      "train": 0.7138549999999999
    },
    "6.7": {
      "test": 0.98625,
      "train": 0.99
    },
    "6.8": {
      "test": 0.9643750000000003,
      "train": 0.9738675000000001
    },
    "6.9": {
      "test": 0.984375,
      "train": 0.9888875000000001
    },
    "7.8": {
      "test": 0.951734375,
      "train": 0.966665
    },
    "7.9": {
      "test": 0.6136187499999999,
      "train": 0.6086725000000002
    },
    "8.9": {
      "test": 0.8022843749999999,
      "train": 0.8013799999999999
    }
  },
  "km_full": {
    "train": 0.593166,
    "test": 0.5988150000000001
  },
  "fisher_pairwise": {
    "0.1": {
      "test": 0.999375,
      "train": 0.9985
    },
    "0.2": {
      "test": 0.984375,
      "train": 0.9775
    },
    "0.30000000000000004": {
      "test": 0.994375,
      "train": 0.991
    },
    "0.4": {
      "test": 0.994375,
      "train": 0.992
    },
    "0.5": {
      "test": 0.985625,
      "train": 0.988
    },
    "0.6000000000000001": {
      "test": 0.98625,
      "train": 0.983
    },
    "0.7000000000000001": {
      "test": 0.99375,
      "train": 0.994
    },
    "0.8": {
      "test": 0.99,
      "train": 0.988
    },
    "0.9": {
      "test": 0.9925,
      "train": 0.9875
    },
    "1.2": {
      "test": 0.98375,
      "train": 0.9785
    },
    "1.3": {
      "test": 0.991875,
      "train": 0.9835
    },
    "1.4": {
      "test": 0.99875,
      "train": 0.9965
    },
    "1.5": {
      "test": 0.99,
      "train": 0.99
    },
    "1.6": {
      "test": 0.99125,
      "train": 0.991
    },
    "1.7000000000000002": {
      "test": 0.990625,
      "train": 0.9905
    },
    "1.8": {
      "test": 0.975,
      "train": 0.9625
    },
    "1.9": {
      "test": 0.99375,
      "train": 0.9925
    },
    "2.3": {
      "test": 0.9675,
      "train": 0.9595
    },
    "2.4": {
      "test": 0.9775,
      "train": 0.981
    },
    "2.5": {
      "test": 0.97625,
      "train": 0.9715
    },
    "2.6": {
      "test": 0.96875,
      "train": 0.963
    },
    "2.7": {
      "test": 0.971875,
      "train": 0.9705
    },
    "2.8": {
      "test": 0.95875,
      "train": 0.967
    },
    "2.9": {
      "test": 0.97625,
      "train": 0.979
    },
    "3.4": {
      "test": 0.99,
      "train": 0.9895
    },
    "3.5": {
      "test": 0.945625,
      "train": 0.9405
    },
    "3.6": {
      "test": 0.99,
      "train": 0.986
    },
    "3.7": {
      "test": 0.97625,
      "train": 0.9795
    },
    "3.8": {
      "test": 0.96,
      "train": 0.953
    },
    "3.9": {
      "test": 0.976875,
      "train": 0.975
    },
    "4.5": {
      "test": 0.98375,
      "train": 0.9865
    },
    "4.6": {
      "test": 0.98625,
      "train": 0.9875
    },
    "4.7": {
      "test": 0.97875,
      "train": 0.9875
    },
    "4.8": {
      "test": 0.988125,
      "train": 0.9885
    },
    "4.9": {
      "test": 0.95625,
      "train": 0.957
    },
    "5.6": {
      "test": 0.97375,
      "train": 0.9675
    },
    "5.7": {
      "test": 0.9875,
      "train": 0.9935
    },
    "5.8": {
      "test": 0.9475,
      "train": 0.946
    },
    "5.9": {
      "test": 0.9775,
      "train": 0.9785
    },
    "6.7": {
      "test": 0.996875,
      "train": 0.999
    },
    "6.8": {
      "test": 0.98,
      "train": 0.986
    },
    "6.9": {
      "test": 0.99625,
      "train": 0.998
    },
    "7.8": {
      "test": 0.97875,
      "train": 0.982
    },
    "7.9": {
      "test": 0.9575,
      "train": 0.9505
    },
    "8.9": {
      "test": 0.965,
      "train": 0.9655
    }
  }
}